StartDate,EndDate,Status,IPAddress,Progress,Duration (in seconds),Finished,RecordedDate,ResponseId,RecipientLastName,RecipientFirstName,RecipientEmail,ExternalReference,LocationLatitude,LocationLongitude,DistributionChannel,UserLanguage,Consent,Q5,Q5_DO,Q8,Q8_DO,Q60_1,Q60_2,Q61_1,Q61_2,Q14_1,Q14_2,Q58_1,Q58_2,Q16,Q62_1,Q62_2,Q69_1,Q69_2,Q65_1,Q65_2,Q63_1,Q63_2,Q27,Q70_1,Q70_2,Q68_1,Q68_2,Q67_1,Q67_2,Q71_1,Q71_2,Q43,Q72_1,Q72_2,Q73_1,Q73_2,Q88_1,Q88_2,Q81_1,Q81_2,Q49,Q80_1,Q80_2,Q75_1,Q75_2,Q78_1,Q78_2,Q83_1,Q83_2,Q57,Q82_1,Q82_2,Q85_1,Q85_2,Q84_1,Q84_2,Q77_1,Q77_2,Q63,Q19,Q19_6_TEXT,Q13,Q15,Q14,FL_3_DO,FL_22_DO,FL_26_DO,FL_27_DO,FL_28_DO,PetitionPair1-AB_DO,PetitionPair1-CD_DO,PetitionPair2-AC_DO,PetitionPair2-BD_DO,PetitionPair3-A/D_DO,PetitionPair3-B/C_DO
Start Date,End Date,Response Type,IP Address,Progress,Duration (in seconds),Finished,Recorded Date,Response ID,Recipient Last Name,Recipient First Name,Recipient Email,External Data Reference,Location Latitude,Location Longitude,Distribution Channel,User Language,I have read the above information,"Based on the information above, which two features do Change.org users have access to? (check all that apply)","Based on the information above, which two features do Change.org users have access to? (check all that apply) - Display Order","Based on the information above, which two features do Change.org users have access to? (check all that apply)","Based on the information above, which two features do Change.org users have access to? (check all that apply) - Display Order",To what extent do you agree with each statement about the author of the petition? - The author of this petition is a subject matter expert.,To what extent do you agree with each statement about the author of the petition? - The author of this petition is highly committed to the cause.,To what extent do you agree with each statement about the petition? - This petition could persuade an undecided reader.,To what extent do you agree with each statement about the petition? - This petition could further motivate a reader who already supports conservation.,To what extent do you agree with each statement about the author of the petition? - The author of this petition is a subject matter expert.,To what extent do you agree with each statement about the author of the petition? - The author of this petition is highly committed to the cause.,To what extent do you agree with each statement about the petition? - This petition could persuade an undecided reader.,To what extent do you agree with each statement about the petition? - This petition could further motivate a reader who already supports conservation.,"Between the two petitions, which one do you think the student group should select?",To what extent do you agree with each statement about the author of the petition? - The author of this petition is a subject matter expert.,To what extent do you agree with each statement about the author of the petition? - The author of this petition is highly committed to the cause.,To what extent do you agree with each statement about the petition? - This petition could persuade an undecided reader.,To what extent do you agree with each statement about the petition? - This petition could further motivate a reader who already supports conservation.,To what extent do you agree with each statement about the author of the petition? - The author of this petition is a subject matter expert.,To what extent do you agree with each statement about the author of the petition? - The author of this petition is highly committed to the cause.,To what extent do you agree with each statement about the petition? - This petition could persuade an undecided reader.,To what extent do you agree with each statement about the petition? - This petition could further motivate a reader who already supports conservation.,"Between the two petitions, which one do you think the student group should select?",To what extent do you agree with each statement about the author of the petition? - The author of this petition is a subject matter expert.,To what extent do you agree with each statement about the author of the petition? - The author of this petition is highly committed to the cause.,To what extent do you agree with each statement about the petition? - This petition could persuade an undecided reader.,To what extent do you agree with each statement about the petition? - This petition could further motivate a reader who already supports conservation.,To what extent do you agree with each statement about the author of the petition? - The author of this petition is a subject matter expert.,To what extent do you agree with each statement about the author of the petition? - The author of this petition is highly committed to the cause.,To what extent do you agree with each statement about the petition? - This petition could persuade an undecided reader.,To what extent do you agree with each statement about the petition? - This petition could further motivate a reader who already supports conservation.,"Between the two petitions, which one do you think the student group should select?",To what extent do you agree with each statement about the author of the petition? - The author of this petition is a subject matter expert.,To what extent do you agree with each statement about the author of the petition? - The author of this petition is highly committed to the cause.,To what extent do you agree with each statement about the petition? - This petition could persuade an undecided reader.,To what extent do you agree with each statement about the petition? - This petition could further motivate a reader who already supports conservation.,To what extent do you agree with each statement about the author of the petition? - The author of this petition is a subject matter expert.,To what extent do you agree with each statement about the author of the petition? - The author of this petition is highly committed to the cause.,To what extent do you agree with each statement about the petition? - This petition could persuade an undecided reader.,To what extent do you agree with each statement about the petition? - This petition could further motivate a reader who already supports conservation.,"Between the two petitions, which one do you think the student group should select?",To what extent do you agree with each statement about the author of the petition? - The author of this petition is a subject matter expert.,To what extent do you agree with each statement about the author of the petition? - The author of this petition is highly committed to the cause.,To what extent do you agree with each statement about the petition? - This petition could persuade an undecided reader.,To what extent do you agree with each statement about the petition? - This petition could further motivate a reader who already supports conservation.,To what extent do you agree with each statement about the author of the petition? - The author of this petition is a subject matter expert.,To what extent do you agree with each statement about the author of the petition? - The author of this petition is highly committed to the cause.,To what extent do you agree with each statement about the petition? - This petition could persuade an undecided reader.,To what extent do you agree with each statement about the petition? - This petition could further motivate a reader who already supports conservation.,"Between the two petitions, which one do you think the student group should select?",To what extent do you agree with each statement about the author of the petition? - The author of this petition is a subject matter expert.,To what extent do you agree with each statement about the author of the petition? - The author of this petition is highly committed to the cause.,To what extent do you agree with each statement about the petition? - This petition could persuade an undecided reader.,To what extent do you agree with each statement about the petition? - This petition could further motivate a reader who already supports conservation.,Please note the extent to which you agree with each statement about the author of the petition: - The author of this petition is a subject matter expert.,Please note the extent to which you agree with each statement about the author of the petition: - The author of this petition is highly committed to the cause.,Please note the extent to which you agree with each statement about the petition: - This petition could persuade an undecided reader.,Please note the extent to which you agree with each statement about the petition: - This petition could further motivate a reader who already supports conservation.,"Between the two petitions, which one do you think the student group should select?",What factors influenced your choice? Select all that apply: - Selected Choice,What factors influenced your choice? Select all that apply: - Other: - Text,"Select the degree to which you agree with the following statement:
It is appropriate to use AI when writing a petition.",Optional: Do you have additional thoughts about how appropriate AI use is for petition writing?,"Select the degree to which you agree with the following statement:
I am deeply committed to marine wildlife conservation.",FL_3 - Block Randomizer - Display Order,FL_22 - Block Randomizer - Display Order,FL_26 - Block Randomizer - Display Order,FL_27 - Block Randomizer - Display Order,FL_28 - Block Randomizer - Display Order,Petition Pair 1- AB - Display Order,Petition Pair 1- CD - Display Order,Petition Pair 2 - AC - Display Order,Petition Pair 2 - BD - Display Order,Petition Pair 3 - A/D - Display Order,Petition Pair 3 - B/C - Display Order
"{""ImportId"":""startDate"",""timeZone"":""America/Denver""}","{""ImportId"":""endDate"",""timeZone"":""America/Denver""}","{""ImportId"":""status""}","{""ImportId"":""ipAddress""}","{""ImportId"":""progress""}","{""ImportId"":""duration""}","{""ImportId"":""finished""}","{""ImportId"":""recordedDate"",""timeZone"":""America/Denver""}","{""ImportId"":""_recordId""}","{""ImportId"":""recipientLastName""}","{""ImportId"":""recipientFirstName""}","{""ImportId"":""recipientEmail""}","{""ImportId"":""externalDataReference""}","{""ImportId"":""locationLatitude""}","{""ImportId"":""locationLongitude""}","{""ImportId"":""distributionChannel""}","{""ImportId"":""userLanguage""}","{""ImportId"":""QID94""}","{""ImportId"":""QID7""}","{""ImportId"":""QID7_DO""}","{""ImportId"":""QID10""}","{""ImportId"":""QID10_DO""}","{""ImportId"":""QID68_1""}","{""ImportId"":""QID68_2""}","{""ImportId"":""QID69_1""}","{""ImportId"":""QID69_2""}","{""ImportId"":""QID19_1""}","{""ImportId"":""QID19_2""}","{""ImportId"":""QID66_1""}","{""ImportId"":""QID66_2""}","{""ImportId"":""QID24""}","{""ImportId"":""QID70_1""}","{""ImportId"":""QID70_2""}","{""ImportId"":""QID77_1""}","{""ImportId"":""QID77_2""}","{""ImportId"":""QID73_1""}","{""ImportId"":""QID73_2""}","{""ImportId"":""QID71_1""}","{""ImportId"":""QID71_2""}","{""ImportId"":""QID35""}","{""ImportId"":""QID78_1""}","{""ImportId"":""QID78_2""}","{""ImportId"":""QID76_1""}","{""ImportId"":""QID76_2""}","{""ImportId"":""QID75_1""}","{""ImportId"":""QID75_2""}","{""ImportId"":""QID79_1""}","{""ImportId"":""QID79_2""}","{""ImportId"":""QID43""}","{""ImportId"":""QID80_1""}","{""ImportId"":""QID80_2""}","{""ImportId"":""QID81_1""}","{""ImportId"":""QID81_2""}","{""ImportId"":""QID96_1""}","{""ImportId"":""QID96_2""}","{""ImportId"":""QID89_1""}","{""ImportId"":""QID89_2""}","{""ImportId"":""QID49""}","{""ImportId"":""QID88_1""}","{""ImportId"":""QID88_2""}","{""ImportId"":""QID83_1""}","{""ImportId"":""QID83_2""}","{""ImportId"":""QID86_1""}","{""ImportId"":""QID86_2""}","{""ImportId"":""QID91_1""}","{""ImportId"":""QID91_2""}","{""ImportId"":""QID57""}","{""ImportId"":""QID90_1""}","{""ImportId"":""QID90_2""}","{""ImportId"":""QID93_1""}","{""ImportId"":""QID93_2""}","{""ImportId"":""QID92_1""}","{""ImportId"":""QID92_2""}","{""ImportId"":""QID85_1""}","{""ImportId"":""QID85_2""}","{""ImportId"":""QID63""}","{""ImportId"":""QID27""}","{""ImportId"":""QID27_6_TEXT""}","{""ImportId"":""QID20""}","{""ImportId"":""QID22_TEXT""}","{""ImportId"":""QID21""}","{""ImportId"":""FL_3_DO""}","{""ImportId"":""FL_22_DO""}","{""ImportId"":""FL_26_DO""}","{""ImportId"":""FL_27_DO""}","{""ImportId"":""FL_28_DO""}","{""ImportId"":""BL_7WZIubbBNYNrKWW_DO""}","{""ImportId"":""BL_0JtmVGg6absXO6O_DO""}","{""ImportId"":""BL_3IexF4XR0d9FXP8_DO""}","{""ImportId"":""BL_4HqjleBTOhz0gBM_DO""}","{""ImportId"":""BL_41pb2oLCvRvs8lg_DO""}","{""ImportId"":""BL_eaGRzj3JzYzmUKO_DO""}"
2025-02-22 12:08:44,2025-02-22 12:08:54,Survey Preview,*******,100,10,True,2025-02-22 12:08:55,R_3dSQb9z2pEY1WAr,*******,*******,*******,*******,*******,*******,preview,EN,,,,,,,,,,,,,,,,,,,,,,,,,,,,,,,,,,,,,,,,,,,,,,,,,,,,,,,,,,,,,,,,,AI-Primed|Control,,,,,,,,,,
2025-02-22 12:09:08,2025-02-22 12:09:18,Survey Preview,*******,100,10,True,2025-02-22 12:09:18,R_3bIC18VVQo7lsyi,*******,*******,*******,*******,*******,*******,preview,EN,,,,,,,,,,,,,,,,,,,,,,,,,,,,,,,,,,,,,,,,,,,,,,,,,,,,,,,,,,,,,,,,,AI-Primed,,,,,,,,,,
2025-02-23 07:39:22,2025-02-23 07:41:58,Survey Preview,*******,100,155,True,2025-02-23 07:41:59,R_12pbYyivzmUvUzL,*******,*******,*******,*******,*******,*******,preview,EN,,,Statistics about successful petitions|Petition guidelines|Spellcheck|AI-generated drafting|Expert feedback,,,,,,,,,,,,,,,,,,,,,,,,,,,,,,,,,,,,,,,,,,,,,,,,,,,,,,,,,,,,,,AI-Primed,,,,,,,,,,
2025-02-24 18:58:49,2025-02-24 18:59:52,Survey Preview,*******,100,62,True,2025-02-24 18:59:53,R_1BbTuF2WXWsbsoE,*******,*******,*******,*******,*******,*******,preview,EN,,,,,AI-generated drafting|Expert feedback|Petition guidelines|Statistics about successful petitions|Spellcheck,,,,,,,,,,,,,,,,,,,,,,,,,,,,,,,,,,,,,,,,,,,,,,,,,,,,,,,,,,,,Control,FL_28,,,PetitionPair3-B/C|PetitionPair3-A/D,,,,,,
2025-02-25 06:30:56,2025-02-25 06:31:30,Survey Preview,*******,100,34,True,2025-02-25 06:31:31,R_14FMkT2CFclmhQt,*******,*******,*******,*******,*******,*******,preview,EN,,,,,AI-generated drafting|Petition guidelines|Expert feedback|Spellcheck|Statistics about successful petitions,,,,,,,,,,,,,,,,,,,,,,,,,,,,,,,,,,,,,,,,,,,,,,,,,,,,,,,,,,,,Control,FL_27,,PetitionPair2-BD|PetitionPair2-AC,,,,,,,
2025-02-25 08:15:32,2025-02-25 08:37:22,Survey Preview,*******,100,1310,True,2025-02-25 08:37:22,R_1G8o2eKao2HCKMA,*******,*******,*******,*******,*******,*******,preview,EN,,,AI-generated drafting|Spellcheck|Petition guidelines|Statistics about successful petitions|Expert feedback,,,,,,,,,,,,,,,,,,,,,,,,,,,,,,,,,,,,,,,,,,,,,,,,,,,,,,,,,,,,,,AI-Primed,FL_27,,PetitionPair2-BD|PetitionPair2-AC,,,,,,,
2025-02-27 13:08:33,2025-02-27 13:08:36,Survey Preview,*******,100,2,True,2025-02-27 13:08:37,R_5MEYvDC0UNz7pyi,*******,*******,*******,*******,*******,*******,preview,EN,I do not consent to participate,,,,,,,,,,,,,,,,,,,,,,,,,,,,,,,,,,,,,,,,,,,,,,,,,,,,,,,,,,,,,,,,,,,,,,,,,,
2025-03-27 09:29:15,2025-03-27 09:38:11,IP Address,*******,100,536,True,2025-03-27 09:38:11,R_5e51ylrl7okpa50,*******,*******,*******,*******,*******,*******,anonymous,EN,I consent to participate,,,"Petition guidelines,Statistics about successful petitions",Expert feedback|Spellcheck|Statistics about successful petitions|Petition guidelines|AI-generated drafting,,,,,,,,,,,,,,,,,,,Strongly agree,Somewhat agree,Somewhat agree,Neither agree nor disagree,Strongly agree,Somewhat agree,Neither agree nor disagree,Neither agree nor disagree,No preference,Strongly agree,Neither agree nor disagree,Neither agree nor disagree,Neither agree nor disagree,,,Neither agree nor disagree,Neither agree nor disagree,No preference,,,,,,,,,,,,,,,,,,,"Length / Detail,Tone,Clarity",,Neither agree nor disagree,no,Neither agree nor disagree,Control,FL_27,,PetitionPair2-AC|PetitionPair2-BD,,,,Q39|Q70|Q68|Q45|Q67|Q71|Q43,Q47|Q72|Q73|Q41|QID82|Q81|Q49,,
2025-03-27 09:32:21,2025-03-27 09:40:35,IP Address,*******,100,494,True,2025-03-27 09:40:36,R_7qWqQ6vgCLfDIS3,*******,*******,*******,*******,*******,*******,anonymous,EN,I consent to participate,"Statistics about successful petitions,Petition guidelines,Spellcheck,AI-generated drafting,Expert feedback",Statistics about successful petitions|Spellcheck|Petition guidelines|AI-generated drafting|Expert feedback,,,,,,,,,,,,,,,,,,,,,,,,,,,,,,,,,,,,,,,Somewhat agree,Somewhat agree,Strongly agree,Somewhat agree,Somewhat agree,Somewhat agree,Somewhat disagree,Somewhat disagree,The Parrotfish Should Live!,Somewhat agree,Somewhat agree,Somewhat disagree,Somewhat disagree,Somewhat agree,Somewhat agree,Somewhat agree,Strongly agree,Enforce Cyanide Fishing Bans and Protect the Humphead Wrasse,"Length / Detail,Tone,Clarity",,Strongly agree,,Somewhat agree,AI-Primed,FL_28,,,PetitionPair3-B/C|PetitionPair3-A/D,,,,,Q61|Q80|Q75|Q53|Q78|Q83|Q57,Q55|Q82|Q85|Q59|Q84|Q77|Q63
2025-03-27 09:51:08,2025-03-27 10:03:56,IP Address,*******,100,767,True,2025-03-27 10:03:56,R_12ndhozUV7orQIh,*******,*******,*******,*******,*******,*******,anonymous,EN,I consent to participate,"Statistics about successful petitions,Petition guidelines,Spellcheck,AI-generated drafting,Expert feedback",Petition guidelines|AI-generated drafting|Spellcheck|Expert feedback|Statistics about successful petitions,,,,,,,,,,,,,,,,,,,,,,,,,,,,,,,,,,,,,,,Somewhat agree,Strongly agree,Somewhat agree,Strongly agree,Somewhat agree,Strongly agree,Strongly agree,Strongly agree,The Parrotfish Should Live!,Strongly agree,Strongly agree,Strongly agree,Strongly agree,Neither agree nor disagree,Somewhat agree,Neither agree nor disagree,Somewhat agree,Enforce Cyanide Fishing Bans and Protect the Humphead Wrasse,"Tone,Clarity,Other:",Putting a plan for action and not just saying the issues is important for petitions I think,Somewhat agree,"I think Ai is fine to use because some people have good ideas but sometimes have bad ways of getting the words out and the Ai can be used to make a idea that might have otherwise been put in a misunderstanding way, into a elegant peice of litirature with proper grammar and all. I think as long as the original sentiment and like idea that the person had is part of the work it dosnt matter if they or Ai made it",Strongly agree,AI-Primed,FL_28,,,PetitionPair3-A/D|PetitionPair3-B/C,,,,,Q53|Q80|Q75|Q61|Q78|Q83|Q57,Q55|Q82|Q85|Q59|Q84|Q77|Q63
2025-03-27 10:20:58,2025-03-27 11:12:36,IP Address,*******,100,3097,True,2025-03-27 11:12:36,R_7I40AYWkLg9V8f6,*******,*******,*******,*******,*******,*******,anonymous,EN,I consent to participate,,,"Petition guidelines,Statistics about successful petitions,Spellcheck,AI-generated drafting,Expert feedback",Spellcheck|Statistics about successful petitions|Petition guidelines|AI-generated drafting|Expert feedback,Somewhat agree,,Somewhat agree,Somewhat agree,Somewhat disagree,Somewhat agree,Somewhat agree,Somewhat disagree,Enforce Cyanide Fishing Bans and Protect the Humphead Wrasse,Somewhat agree,Somewhat agree,Somewhat agree,Somewhat disagree,Strongly agree,Somewhat agree,Strongly agree,Somewhat agree,"No Fishing, Save the Parrotfish!",,,,,,,,,,,,,,,,,,,,,,,,,,,,,,,,,,,,,"Length / Detail,Title,Clarity,Emotional Appeal",,Somewhat agree,,Strongly agree,Control,FL_26,PetitionPair1-CD|PetitionPair1-AB,,,Q12|Q60|Q61|Q15|Q14|Q58|Q16,Q25|Q62|Q69|Q24|Q65|Q63|Q27,,,,
2025-03-27 15:06:58,2025-03-27 15:15:25,IP Address,*******,100,506,True,2025-03-27 15:15:26,R_6xJpELVTLUNbfZs,*******,*******,*******,*******,*******,*******,anonymous,EN,I consent to participate,,,"Petition guidelines,Statistics about successful petitions,Spellcheck,AI-generated drafting",AI-generated drafting|Statistics about successful petitions|Spellcheck|Expert feedback|Petition guidelines,Somewhat agree,Neither agree nor disagree,Somewhat agree,Somewhat agree,Somewhat agree,Somewhat agree,Somewhat disagree,Somewhat agree,Enforce Cyanide Fishing Bans and Protect the Humphead Wrasse,Somewhat agree,Somewhat agree,Somewhat disagree,Somewhat agree,Somewhat agree,Neither agree nor disagree,Somewhat agree,Somewhat agree,"No Fishing, Save the Parrotfish!",,,,,,,,,,,,,,,,,,,,,,,,,,,,,,,,,,,,,"Length / Detail,Emotional Appeal",,Somewhat disagree,"I do not, but thank you for asking",Neither agree nor disagree,Control,FL_26,PetitionPair1-CD|PetitionPair1-AB,,,Q15|Q60|Q61|Q12|Q14|Q58|Q16,Q24|Q62|Q69|Q25|Q65|Q63|Q27,,,,
2025-03-27 15:07:38,2025-03-27 15:26:42,IP Address,*******,100,1144,True,2025-03-27 15:26:42,R_3INkO6tecxTGvtf,*******,*******,*******,*******,*******,*******,anonymous,EN,I consent to participate,"Statistics about successful petitions,Petition guidelines,AI-generated drafting",AI-generated drafting|Spellcheck|Statistics about successful petitions|Expert feedback|Petition guidelines,,,Strongly agree,Strongly agree,Strongly agree,Strongly agree,Strongly agree,Strongly agree,Strongly agree,Strongly agree,Stop Cyanide Fishing: Save the Humphead Wrasse,Strongly agree,Strongly agree,Strongly agree,Strongly agree,Strongly agree,Strongly agree,Strongly agree,Strongly agree,"No Fishing, Save the Parrotfish!",,,,,,,,,,,,,,,,,,,,,,,,,,,,,,,,,,,,,"Length / Detail,Clarity",,Somewhat agree,,Strongly agree,AI-Primed,FL_26,PetitionPair1-CD|PetitionPair1-AB,,,Q15|Q60|Q61|Q12|Q14|Q58|Q16,Q25|Q62|Q69|Q24|Q65|Q63|Q27,,,,
2025-03-27 15:08:55,2025-03-27 15:35:17,IP Address,*******,100,1581,True,2025-03-27 15:35:18,R_7NSIqwNGOCEyqgp,*******,*******,*******,*******,*******,*******,anonymous,EN,I consent to participate,AI-generated drafting,Spellcheck|Petition guidelines|Expert feedback|Statistics about successful petitions|AI-generated drafting,,,,,,,,,,,,,,,,,,,,,,,,,,,,,,,,,,,,,,,Neither agree nor disagree,Somewhat agree,Somewhat agree,Somewhat agree,Somewhat disagree,Somewhat agree,Strongly Disagree,Somewhat agree,The Parrotfish Should Live!,,,,,,,Strongly agree,Somewhat agree,Enforce Cyanide Fishing Bans and Protect the Humphead Wrasse,Length / Detail,,Somewhat agree,Nope!,Strongly disagree,AI-Primed,FL_28,,,PetitionPair3-B/C|PetitionPair3-A/D,,,,,Q53|Q80|Q75|Q61|Q78|Q83|Q57,Q55|Q82|Q85|Q59|Q84|Q77|Q63
2025-03-27 10:30:22,2025-03-27 10:32:30,IP Address,*******,67,128,False,2025-04-03 10:32:38,R_1ctlD7GnVCAk8xT,*******,*******,*******,*******,*******,*******,anonymous,EN,I consent to participate,,,"Statistics about successful petitions,Spellcheck,AI-generated drafting",Statistics about successful petitions|Expert feedback|AI-generated drafting|Petition guidelines|Spellcheck,,,,,,,,,,,,,,,,,,,,,,,,,,,,,,,,,,,,,,,,,,,,,,,,,,,,,,,,,,,,Control,FL_26,PetitionPair1-CD|PetitionPair1-AB,,,,Q24|Q62|Q69|Q25|Q65|Q63|Q27,,,,
2025-03-27 13:26:06,2025-03-27 13:29:39,IP Address,*******,67,213,False,2025-04-03 13:29:45,R_6zLOIBqQIM4BRGU,*******,*******,*******,*******,*******,*******,anonymous,EN,I consent to participate,,Statistics about successful petitions|AI-generated drafting|Expert feedback|Petition guidelines|Spellcheck,,,,,,,,,,,,,,,,,,,,,,,,,,,,,,,,,,,,,,,,,,,,,,,,,,,,,,,,,,,,,,AI-Primed,FL_27,,PetitionPair2-BD|PetitionPair2-AC,,,,,Q47|Q72|Q73|Q41|QID82|Q81|Q49,,
2025-04-04 14:03:04,2025-04-04 14:03:27,Survey Preview,*******,100,23,True,2025-04-04 14:03:27,R_1gbgNSqJqDJ7NiG,*******,*******,*******,*******,*******,*******,preview,EN,I do not consent to participate,,,,,,,,,,,,,,,,,,,,,,,,,,,,,,,,,,,,,,,,,,,,,,,,,,,,,,,,,,,,,,,,,,,,,,,,,,
2025-04-04 14:04:04,2025-04-04 14:27:24,IP Address,*******,100,1399,True,2025-04-04 14:27:25,R_6QKn10b9uYbJteV,*******,*******,*******,*******,*******,*******,anonymous,EN,I consent to participate,,,"Petition guidelines,Statistics about successful petitions",Expert feedback|Spellcheck|Statistics about successful petitions|Petition guidelines|AI-generated drafting,,,,,,,,,,,,,,,,,,,Strongly agree,Strongly agree,Somewhat agree,Strongly agree,Strongly agree,Strongly agree,Somewhat agree,Strongly agree,"No Fishing, Save the Parrotfish!",Somewhat agree,Somewhat agree,Somewhat agree,Somewhat agree,Somewhat agree,Somewhat agree,Somewhat agree,Somewhat agree,No preference,,,,,,,,,,,,,,,,,,,"Length / Detail,Emotional Appeal",,Somewhat agree,"For grammatical polishing and/or to help phrase a concept to be clearer ",Somewhat agree,Control,FL_27,,PetitionPair2-AC|PetitionPair2-BD,,,,Q45|Q70|Q68|Q39|Q67|Q71|Q43,Q47|Q72|Q73|Q41|Q81|Q49|Q88,,
2025-04-08 07:57:52,2025-04-08 08:12:41,Survey Preview,*******,100,889,True,2025-04-08 08:12:42,R_31an3gtXcAyYY4k,*******,*******,*******,*******,*******,*******,preview,EN,I consent to participate,"Petition guidelines,AI-generated drafting",Expert feedback|Spellcheck|Petition guidelines|Statistics about successful petitions|AI-generated drafting,,,,,,,,,,,,,,,,,,,,,Somewhat agree,Somewhat agree,Neither agree nor disagree,Neither agree nor disagree,Somewhat agree,Somewhat agree,Somewhat agree,Somewhat agree,Stop Cyanide Fishing: Save the Humphead Wrasse,Neither agree nor disagree,Neither agree nor disagree,Somewhat agree,Somewhat agree,Neither agree nor disagree,Neither agree nor disagree,Neither agree nor disagree,Neither agree nor disagree,The Parrotfish Should Live!,,,,,,,,,,,,,,,,,,,Length / Detail,,Strongly agree,xyz,Somewhat disagree,AI-Primed,FL_27,,PetitionPair2-BD|PetitionPair2-AC,,,,Q45|Q70|Q68|Q39|Q67|Q71|Q43,Q41|Q72|Q73|Q47|Q81|Q49|Q88,,
2025-04-08 08:18:06,2025-04-08 08:18:15,Survey Preview,*******,100,8,True,2025-04-08 08:18:15,R_6jP91SzF51BPPe9,*******,*******,*******,*******,*******,*******,preview,EN,I do not consent to participate,,,,,,,,,,,,,,,,,,,,,,,,,,,,,,,,,,,,,,,,,,,,,,,,,,,,,,,,,,,,,,,,,,,,,,,,,,
2025-04-08 08:18:19,2025-04-08 08:20:33,Survey Preview,*******,100,134,True,2025-04-08 08:20:33,R_67z8kER3Zcl3WOl,*******,*******,*******,*******,*******,*******,preview,EN,I consent to participate,,,"Petition guidelines,Statistics about successful petitions",Statistics about successful petitions|Expert feedback|Petition guidelines|AI-generated drafting|Spellcheck,,,,,,,,,,,,,,,,,,,,,,,,,,,,,,,,,,,,,Neither agree nor disagree,Neither agree nor disagree,Neither agree nor disagree,Neither agree nor disagree,Neither agree nor disagree,Neither agree nor disagree,Neither agree nor disagree,Neither agree nor disagree,Stop Cyanide Fishing: Save the Humphead Wrasse,Neither agree nor disagree,Neither agree nor disagree,Neither agree nor disagree,Neither agree nor disagree,Neither agree nor disagree,Neither agree nor disagree,Neither agree nor disagree,Neither agree nor disagree,"No Fishing, Save the Parrotfish!",Title,,Neither agree nor disagree,xxxx,Somewhat disagree,Control,FL_28,,,PetitionPair3-A/D|PetitionPair3-B/C,,,,,Q53|Q80|Q75|Q61|Q78|Q83|Q57,Q59|Q82|Q85|Q55|Q84|Q77|Q63
2025-04-15 13:41:51,2025-04-15 13:42:47,IP Address,*******,100,55,True,2025-04-15 13:42:47,R_5bHryc0OvEMmniO,*******,*******,*******,*******,*******,*******,anonymous,EN,I consent to participate,,,"Spellcheck,AI-generated drafting,Expert feedback",AI-generated drafting|Expert feedback|Spellcheck|Statistics about successful petitions|Petition guidelines,,,,,,,,,,,,,,,,,,,,,,,,,,,,,,,,,,,,,Neither agree nor disagree,Neither agree nor disagree,Neither agree nor disagree,Neither agree nor disagree,Neither agree nor disagree,Neither agree nor disagree,Neither agree nor disagree,Neither agree nor disagree,The Parrotfish Should Live!,Somewhat agree,Somewhat agree,Somewhat agree,Somewhat agree,Somewhat agree,Somewhat agree,Somewhat agree,Somewhat agree,Enforce Cyanide Fishing Bans and Protect the Humphead Wrasse,Clarity,,Somewhat agree,,Strongly disagree,Control,FL_28,,,PetitionPair3-B/C|PetitionPair3-A/D,,,,,Q61|Q80|Q75|Q53|Q78|Q83|Q57,Q59|Q82|Q85|Q55|Q84|Q77|Q63
2025-04-15 13:41:04,2025-04-15 13:46:29,IP Address,*******,100,324,True,2025-04-15 13:46:29,R_6CHtt9hI2VdzsTE,*******,*******,*******,*******,*******,*******,anonymous,EN,I consent to participate,"Petition guidelines,AI-generated drafting",Petition guidelines|Statistics about successful petitions|Spellcheck|Expert feedback|AI-generated drafting,,,,,,,,,,,,,,,,,,,,,,,,,,,,,,,,,,,,,,,Neither agree nor disagree,Somewhat disagree,Strongly Disagree,Somewhat disagree,Strongly agree,Somewhat disagree,Strongly Disagree,Somewhat disagree,Stop Cyanide Fishing: Save the Humphead Wrasse,Somewhat agree,Strongly agree,Somewhat disagree,Somewhat agree,Somewhat disagree,Strongly agree,Neither agree nor disagree,Strongly agree,"No Fishing, Save the Parrotfish!","Length / Detail,Title,Tone,Emotional Appeal",,Strongly agree,,Strongly disagree,AI-Primed,FL_28,,,PetitionPair3-B/C|PetitionPair3-A/D,,,,,Q61|Q80|Q75|Q53|Q78|Q83|Q57,Q59|Q82|Q85|Q55|Q84|Q77|Q63
2025-04-15 13:42:09,2025-04-15 13:52:02,IP Address,*******,100,593,True,2025-04-15 13:52:02,R_5Ogo09lv4gDAy0V,*******,*******,*******,*******,*******,*******,anonymous,EN,I consent to participate,,,"Statistics about successful petitions,AI-generated drafting",Expert feedback|Petition guidelines|AI-generated drafting|Statistics about successful petitions|Spellcheck,,,,,,,,,,,,,,,,,,,,,,,,,,,,,,,,,,,,,Strongly Disagree,Strongly agree,Somewhat agree,Somewhat agree,Neither agree nor disagree,Somewhat agree,Strongly agree,Neither agree nor disagree,Stop Cyanide Fishing: Save the Humphead Wrasse,Neither agree nor disagree,Strongly agree,Somewhat disagree,Strongly agree,Somewhat disagree,Somewhat disagree,Somewhat disagree,Somewhat disagree,Enforce Cyanide Fishing Bans and Protect the Humphead Wrasse,"Tone,Clarity",,Neither agree nor disagree,,Somewhat disagree,Control,FL_28,,,PetitionPair3-A/D|PetitionPair3-B/C,,,,,Q61|Q80|Q75|Q53|Q78|Q83|Q57,Q55|Q82|Q85|Q59|Q84|Q77|Q63
2025-04-15 13:42:16,2025-04-15 13:53:56,IP Address,*******,100,699,True,2025-04-15 13:53:57,R_3Tmt9Gm7ZO1aMiR,*******,*******,*******,*******,*******,*******,anonymous,EN,I consent to participate,"Petition guidelines,AI-generated drafting",Petition guidelines|AI-generated drafting|Spellcheck|Expert feedback|Statistics about successful petitions,,,Strongly agree,Strongly agree,Strongly agree,Strongly agree,Strongly agree,Strongly agree,Somewhat agree,Somewhat agree,Enforce Cyanide Fishing Bans and Protect the Humphead Wrasse,Strongly agree,Strongly agree,Somewhat agree,Somewhat agree,Strongly agree,Strongly agree,Strongly agree,Strongly agree,The Parrotfish Should Live!,,,,,,,,,,,,,,,,,,,,,,,,,,,,,,,,,,,,,"Length / Detail,Title,Emotional Appeal",,Somewhat agree,,Somewhat agree,AI-Primed,FL_26,PetitionPair1-CD|PetitionPair1-AB,,,Q15|Q60|Q61|Q12|Q14|Q58|Q16,Q24|Q62|Q69|Q25|Q65|Q63|Q27,,,,
2025-04-15 13:47:31,2025-04-15 13:55:06,IP Address,*******,100,455,True,2025-04-15 13:55:07,R_5ax9wSgqQuvOsKo,*******,*******,*******,*******,*******,*******,anonymous,EN,I consent to participate,,,"Petition guidelines,Statistics about successful petitions",Spellcheck|Statistics about successful petitions|AI-generated drafting|Petition guidelines|Expert feedback,,,,,,,,,,,,,,,,,,,,,,,,,,,,,,,,,,,,,Strongly agree,Neither agree nor disagree,Somewhat agree,Somewhat agree,Strongly Disagree,Strongly Disagree,Strongly Disagree,Strongly Disagree,Stop Cyanide Fishing: Save the Humphead Wrasse,Somewhat agree,Somewhat agree,Neither agree nor disagree,Somewhat agree,Neither agree nor disagree,Strongly agree,Strongly agree,Strongly agree,"No Fishing, Save the Parrotfish!","Length / Detail,Title,Tone,Clarity,Emotional Appeal",,Somewhat agree,,Somewhat agree,Control,FL_28,,,PetitionPair3-B/C|PetitionPair3-A/D,,,,,Q53|Q80|Q75|Q61|Q78|Q83|Q57,Q59|Q82|Q85|Q55|Q84|Q77|Q63
2025-04-15 13:48:40,2025-04-15 13:55:17,IP Address,*******,100,396,True,2025-04-15 13:55:17,R_7ncoEmQL2LKWcYX,*******,*******,*******,*******,*******,*******,anonymous,EN,I consent to participate,"Petition guidelines,AI-generated drafting",Expert feedback|Statistics about successful petitions|Spellcheck|AI-generated drafting|Petition guidelines,,,Strongly agree,Somewhat agree,Neither agree nor disagree,Somewhat agree,Strongly agree,Strongly agree,Somewhat agree,Somewhat agree,Enforce Cyanide Fishing Bans and Protect the Humphead Wrasse,Strongly agree,Somewhat agree,Somewhat agree,Somewhat agree,Strongly agree,Somewhat agree,Somewhat agree,Somewhat agree,"No Fishing, Save the Parrotfish!",,,,,,,,,,,,,,,,,,,,,,,,,,,,,,,,,,,,,"Tone,Emotional Appeal",,Somewhat disagree,none,Strongly disagree,AI-Primed,FL_26,PetitionPair1-AB|PetitionPair1-CD,,,Q15|Q60|Q61|Q12|Q14|Q58|Q16,Q24|Q62|Q69|Q25|Q65|Q63|Q27,,,,
2025-04-15 13:52:09,2025-04-15 13:59:14,IP Address,*******,100,424,True,2025-04-15 13:59:14,R_6AmngCT2PapQfN7,*******,*******,*******,*******,*******,*******,anonymous,EN,I consent to participate,,,"Petition guidelines,Statistics about successful petitions",AI-generated drafting|Spellcheck|Petition guidelines|Statistics about successful petitions|Expert feedback,,,,,,,,,,,,,,,,,,,Somewhat agree,Strongly agree,Somewhat agree,Somewhat agree,Somewhat agree,Somewhat agree,Somewhat agree,Somewhat agree,"No Fishing, Save the Parrotfish!",Somewhat agree,Neither agree nor disagree,Somewhat agree,Somewhat agree,Strongly agree,Somewhat agree,Somewhat agree,Somewhat agree,The Parrotfish Should Live!,,,,,,,,,,,,,,,,,,,"Tone,Clarity,Emotional Appeal",,Somewhat disagree,"I think AI is good, but sometimes tone can be odd in AI writing which is where you can change words around to make it appealable to potential signers.",Strongly agree,Control,FL_27,,PetitionPair2-AC|PetitionPair2-BD,,,,Q45|Q70|Q68|Q39|Q67|Q71|Q43,Q41|Q72|Q73|Q47|Q81|Q88|Q49,,
2025-04-15 13:58:41,2025-04-15 14:01:50,IP Address,*******,100,188,True,2025-04-15 14:01:50,R_6D7m5OCYygYvzIl,*******,*******,*******,*******,*******,*******,anonymous,EN,I consent to participate,,,"Petition guidelines,Statistics about successful petitions",Petition guidelines|Expert feedback|Spellcheck|AI-generated drafting|Statistics about successful petitions,,,,,,,,,,,,,,,,,,,Neither agree nor disagree,Strongly agree,Somewhat agree,Somewhat agree,Neither agree nor disagree,Strongly agree,Somewhat agree,Somewhat agree,"No Fishing, Save the Parrotfish!",Neither agree nor disagree,Somewhat disagree,Somewhat disagree,Somewhat disagree,Somewhat agree,Somewhat agree,Somewhat agree,Somewhat agree,Enforce Cyanide Fishing Bans and Protect the Humphead Wrasse,,,,,,,,,,,,,,,,,,,"Length / Detail,Tone,Clarity,Emotional Appeal",,Neither agree nor disagree,,Neither agree nor disagree,Control,FL_27,,PetitionPair2-AC|PetitionPair2-BD,,,,Q45|Q70|Q68|Q39|Q67|Q71|Q43,Q41|Q72|Q73|Q47|Q81|Q88|Q49,,
2025-04-15 13:44:22,2025-04-15 14:03:03,IP Address,*******,100,1121,True,2025-04-15 14:03:04,R_1f2oEvYcDzzhoxE,*******,*******,*******,*******,*******,*******,anonymous,EN,I consent to participate,"Statistics about successful petitions,AI-generated drafting",Statistics about successful petitions|AI-generated drafting|Petition guidelines|Expert feedback|Spellcheck,,,,,,,,,,,,,,,,,,,,,,,,,,,,,,,,,,,,,,,Neither agree nor disagree,Somewhat agree,Neither agree nor disagree,Neither agree nor disagree,Somewhat agree,Neither agree nor disagree,Somewhat agree,Strongly agree,The Parrotfish Should Live!,Neither agree nor disagree,Somewhat agree,Somewhat disagree,Somewhat agree,Somewhat agree,Somewhat agree,Somewhat agree,Neither agree nor disagree,"No Fishing, Save the Parrotfish!",Title,,Strongly agree,,Somewhat agree,AI-Primed,FL_28,,,PetitionPair3-A/D|PetitionPair3-B/C,,,,,Q61|Q80|Q75|Q53|Q78|Q83|Q57,Q59|Q82|Q85|Q55|Q84|Q77|Q63
2025-04-15 14:00:37,2025-04-15 14:04:26,IP Address,*******,100,229,True,2025-04-15 14:04:26,R_7lYXdsZ9NtWP2LS,*******,*******,*******,*******,*******,*******,anonymous,EN,I consent to participate,,,"Petition guidelines,Statistics about successful petitions",Spellcheck|Expert feedback|Petition guidelines|Statistics about successful petitions|AI-generated drafting,Neither agree nor disagree,Neither agree nor disagree,Neither agree nor disagree,Somewhat disagree,Somewhat agree,Somewhat agree,Somewhat agree,Somewhat disagree,Enforce Cyanide Fishing Bans and Protect the Humphead Wrasse,Neither agree nor disagree,Somewhat agree,Somewhat agree,Somewhat disagree,Somewhat agree,Strongly agree,Somewhat agree,Neither agree nor disagree,"No Fishing, Save the Parrotfish!",,,,,,,,,,,,,,,,,,,,,,,,,,,,,,,,,,,,,"Length / Detail,Tone,Emotional Appeal",,Somewhat agree,,Neither agree nor disagree,Control,FL_26,PetitionPair1-CD|PetitionPair1-AB,,,Q15|Q60|Q61|Q12|Q14|Q58|Q16,Q25|Q62|Q69|Q24|Q65|Q63|Q27,,,,
2025-04-15 13:51:34,2025-04-15 14:05:17,IP Address,*******,100,822,True,2025-04-15 14:05:17,R_62VjCa3lMTrK0Q6,*******,*******,*******,*******,*******,*******,anonymous,EN,I consent to participate,"Petition guidelines,AI-generated drafting",Spellcheck|AI-generated drafting|Petition guidelines|Statistics about successful petitions|Expert feedback,,,,,,,,,,,,,,,,,,,,,Somewhat agree,Strongly agree,Somewhat agree,Somewhat agree,Strongly agree,Strongly agree,Strongly agree,Strongly agree,Stop Cyanide Fishing: Save the Humphead Wrasse,Strongly agree,Strongly agree,Somewhat agree,Strongly agree,Somewhat agree,Somewhat agree,Strongly agree,Strongly agree,No preference,,,,,,,,,,,,,,,,,,,"Tone,Clarity,Emotional Appeal",,Somewhat agree,,Neither agree nor disagree,AI-Primed,FL_27,,PetitionPair2-BD|PetitionPair2-AC,,,,Q45|Q70|Q68|Q39|Q67|Q71|Q43,Q41|Q72|Q73|Q47|Q81|Q88|Q49,,
2025-04-15 14:03:30,2025-04-15 14:06:16,IP Address,*******,100,166,True,2025-04-15 14:06:17,R_6dKeVYgYFNVpttL,*******,*******,*******,*******,*******,*******,anonymous,EN,I consent to participate,"Petition guidelines,AI-generated drafting",Expert feedback|Spellcheck|Statistics about successful petitions|Petition guidelines|AI-generated drafting,,,Somewhat agree,Somewhat agree,Somewhat agree,Somewhat agree,Somewhat agree,Strongly agree,Somewhat agree,Strongly agree,Stop Cyanide Fishing: Save the Humphead Wrasse,Strongly agree,Strongly agree,Strongly agree,Strongly agree,Somewhat agree,Somewhat agree,Somewhat agree,Somewhat agree,"No Fishing, Save the Parrotfish!",,,,,,,,,,,,,,,,,,,,,,,,,,,,,,,,,,,,,Tone,,Somewhat agree,,Somewhat agree,AI-Primed,FL_26,PetitionPair1-AB|PetitionPair1-CD,,,Q15|Q60|Q61|Q12|Q14|Q58|Q16,Q24|Q62|Q69|Q25|Q65|Q63|Q27,,,,
2025-04-15 13:56:52,2025-04-15 14:07:11,IP Address,*******,100,618,True,2025-04-15 14:07:11,R_1CNM7ziSCIqaN3j,*******,*******,*******,*******,*******,*******,anonymous,EN,I consent to participate,,,"Petition guidelines,Statistics about successful petitions",Expert feedback|Spellcheck|AI-generated drafting|Statistics about successful petitions|Petition guidelines,Somewhat agree,Strongly agree,Neither agree nor disagree,Somewhat agree,Neither agree nor disagree,Neither agree nor disagree,Somewhat agree,Somewhat agree,Stop Cyanide Fishing: Save the Humphead Wrasse,Strongly agree,Strongly agree,Somewhat agree,Strongly agree,Strongly agree,Strongly agree,Somewhat agree,Somewhat agree,The Parrotfish Should Live!,,,,,,,,,,,,,,,,,,,,,,,,,,,,,,,,,,,,,"Tone,Clarity,Emotional Appeal",,Somewhat agree,,Neither agree nor disagree,Control,FL_26,PetitionPair1-CD|PetitionPair1-AB,,,Q12|Q60|Q61|Q15|Q14|Q58|Q16,Q25|Q62|Q69|Q24|Q65|Q63|Q27,,,,
2025-04-15 14:05:50,2025-04-15 14:09:49,IP Address,*******,100,238,True,2025-04-15 14:09:49,R_39uoztIskZKqVK6,*******,*******,*******,*******,*******,*******,anonymous,EN,I consent to participate,,,"Petition guidelines,Statistics about successful petitions",Spellcheck|Petition guidelines|AI-generated drafting|Expert feedback|Statistics about successful petitions,,,,,,,,,,,,,,,,,,,,,,,,,,,,,,,,,,,,,Strongly agree,Strongly agree,Strongly agree,Strongly agree,Strongly agree,Strongly agree,Strongly agree,Strongly agree,Stop Cyanide Fishing: Save the Humphead Wrasse,Strongly agree,Strongly agree,Strongly agree,Strongly agree,Strongly agree,Strongly agree,Strongly agree,Strongly agree,"No Fishing, Save the Parrotfish!",Length / Detail,,Strongly disagree,,Neither agree nor disagree,Control,FL_28,,,PetitionPair3-A/D|PetitionPair3-B/C,,,,,Q61|Q80|Q75|Q53|Q78|Q83|Q57,Q55|Q82|Q85|Q59|Q84|Q77|Q63
2025-04-15 13:50:10,2025-04-15 13:50:31,IP Address,*******,9,20,False,2025-04-22 13:50:36,R_1DtPQEIRRriatx5,*******,*******,*******,*******,*******,*******,anonymous,EN,I consent to participate,,,,,,,,,,,,,,,,,,,,,,,,,,,,,,,,,,,,,,,,,,,,,,,,,,,,,,,,,,,,,,,,AI-Primed,,,,,,,,,,
2025-04-15 13:50:35,2025-04-15 13:55:34,IP Address,*******,67,298,False,2025-04-22 13:55:38,R_1O6dxnh9gNYTntM,*******,*******,*******,*******,*******,*******,anonymous,EN,I consent to participate,,,"Petition guidelines,Statistics about successful petitions",Expert feedback|AI-generated drafting|Spellcheck|Petition guidelines|Statistics about successful petitions,,,,,,,,,,,,,,,,,,,,,,,,,,,,,,,,,,,,,,,,,,,,,,,,,,,,,,,,,,,,Control,FL_27,,PetitionPair2-BD|PetitionPair2-AC,,,,,Q41|Q72|Q73|Q47|Q81|Q88|Q49,,
2025-04-15 13:55:40,2025-04-15 13:55:57,IP Address,*******,9,16,False,2025-04-22 13:55:58,R_7bdDOLuPVDj7tCh,*******,*******,*******,*******,*******,*******,anonymous,EN,I consent to participate,,,,,,,,,,,,,,,,,,,,,,,,,,,,,,,,,,,,,,,,,,,,,,,,,,,,,,,,,,,,,,,,Control,,,,,,,,,,
2025-04-15 13:49:44,2025-04-15 13:59:08,IP Address,*******,93,564,False,2025-04-22 13:59:18,R_3ne3vnJY06nq6DD,*******,*******,*******,*******,*******,*******,anonymous,EN,I consent to participate,,,"Petition guidelines,Statistics about successful petitions",AI-generated drafting|Expert feedback|Spellcheck|Statistics about successful petitions|Petition guidelines,,,,,,,,,,,,,,,,,,,Strongly agree,Strongly agree,Somewhat agree,Somewhat agree,Somewhat agree,Somewhat agree,Somewhat agree,Somewhat agree,"No Fishing, Save the Parrotfish!",Strongly agree,Strongly agree,Somewhat agree,Strongly agree,Strongly agree,Strongly agree,Strongly agree,Strongly agree,Enforce Cyanide Fishing Bans and Protect the Humphead Wrasse,,,,,,,,,,,,,,,,,,,,,,,,Control,FL_27,,PetitionPair2-BD|PetitionPair2-AC,,,,Q39|Q70|Q68|Q45|Q67|Q71|Q43,Q41|Q72|Q73|Q47|Q81|Q88|Q49,,
2025-04-15 14:02:12,2025-04-15 14:02:19,IP Address,*******,9,6,False,2025-04-22 14:02:21,R_7kY9rptw23Wo2Iw,*******,*******,*******,*******,*******,*******,anonymous,EN,I consent to participate,,,,,,,,,,,,,,,,,,,,,,,,,,,,,,,,,,,,,,,,,,,,,,,,,,,,,,,,,,,,,,,,AI-Primed,,,,,,,,,,
2025-04-15 13:53:03,2025-04-15 14:03:08,IP Address,*******,93,605,False,2025-04-22 14:03:10,R_5gO6zwpkMtMKKgv,*******,*******,*******,*******,*******,*******,anonymous,EN,I consent to participate,Expert feedback,Expert feedback|AI-generated drafting|Spellcheck|Petition guidelines|Statistics about successful petitions,,,,,,,,,,,,,,,,,,,,,,,,,,,,,,,,,,,,,,,Somewhat agree,Neither agree nor disagree,Neither agree nor disagree,Somewhat disagree,Somewhat disagree,Somewhat disagree,Neither agree nor disagree,Neither agree nor disagree,Stop Cyanide Fishing: Save the Humphead Wrasse,Neither agree nor disagree,Neither agree nor disagree,Strongly Disagree,Somewhat agree,Strongly agree,Strongly agree,Neither agree nor disagree,Neither agree nor disagree,"No Fishing, Save the Parrotfish!",,,,,,AI-Primed,FL_28,,,PetitionPair3-B/C|PetitionPair3-A/D,,,,,Q53|Q80|Q75|Q61|Q78|Q83|Q57,Q55|Q82|Q85|Q59|Q84|Q77|Q63
2025-04-15 14:03:24,2025-04-15 14:03:43,IP Address,*******,9,18,False,2025-04-22 14:03:43,R_30H7xW4D5C3S3QM,*******,*******,*******,*******,*******,*******,anonymous,EN,I consent to participate,,,,,,,,,,,,,,,,,,,,,,,,,,,,,,,,,,,,,,,,,,,,,,,,,,,,,,,,,,,,,,,,Control,,,,,,,,,,
2025-04-15 13:56:46,2025-04-15 14:03:47,IP Address,*******,67,420,False,2025-04-22 14:03:49,R_7oKJ0rZQvjlPSEo,*******,*******,*******,*******,*******,*******,anonymous,EN,I consent to participate,"Petition guidelines,AI-generated drafting",Statistics about successful petitions|Expert feedback|Spellcheck|AI-generated drafting|Petition guidelines,,,,,,,,,,,,,,,,,,,,,,,,,,,,,,,,,,,,,,,,,,,,,,,,,,,,,,,,,,,,,,AI-Primed,FL_27,,PetitionPair2-AC|PetitionPair2-BD,,,,Q39|Q70|Q68|Q45|Q67|Q71|Q43,,,
2025-04-15 14:04:56,2025-04-15 14:05:08,IP Address,*******,67,11,False,2025-04-22 14:05:11,R_5Dvvnq44zUsA1KD,*******,*******,*******,*******,*******,*******,anonymous,EN,I consent to participate,Spellcheck,Expert feedback|Petition guidelines|Spellcheck|Statistics about successful petitions|AI-generated drafting,,,,,,,,,,,,,,,,,,,,,,,,,,,,,,,,,,,,,,,,,,,,,,,,,,,,,,,,,,,,,,AI-Primed,FL_26,PetitionPair1-CD|PetitionPair1-AB,,,,Q24|Q62|Q69|Q25|Q65|Q63|Q27,,,,
2025-04-15 14:06:06,2025-04-15 14:06:12,IP Address,*******,9,4,False,2025-04-22 14:06:19,R_5PqhfoqVniYbtCY,*******,*******,*******,*******,*******,*******,anonymous,EN,I consent to participate,,,,,,,,,,,,,,,,,,,,,,,,,,,,,,,,,,,,,,,,,,,,,,,,,,,,,,,,,,,,,,,,AI-Primed,,,,,,,,,,
2025-04-15 13:51:12,2025-04-15 14:08:26,IP Address,*******,67,1034,False,2025-04-22 14:08:29,R_7OW9JmOEethcOC2,*******,*******,*******,*******,*******,*******,anonymous,EN,I consent to participate,"Petition guidelines,AI-generated drafting",Expert feedback|Statistics about successful petitions|Spellcheck|Petition guidelines|AI-generated drafting,,,,,,,,,,,,,,,,,,,,,,,,,,,,,,,,,,,,,,,,,,,,,,,,,,,,,,,,,,,,,,AI-Primed,FL_26,PetitionPair1-AB|PetitionPair1-CD,,,Q12|Q60|Q61|Q15|Q14|Q58|Q16,,,,,
2025-04-15 14:14:22,2025-04-15 14:14:40,IP Address,*******,9,18,False,2025-04-22 14:14:41,R_31NEaQe4RD7TD3z,*******,*******,*******,*******,*******,*******,anonymous,EN,I consent to participate,,,,,,,,,,,,,,,,,,,,,,,,,,,,,,,,,,,,,,,,,,,,,,,,,,,,,,,,,,,,,,,,Control,,,,,,,,,,
2025-04-15 14:02:04,2025-04-15 14:27:06,IP Address,*******,67,1501,False,2025-04-22 14:27:06,R_3c1kncYy8QpQjKO,*******,*******,*******,*******,*******,*******,anonymous,EN,I consent to participate,"Petition guidelines,AI-generated drafting",Petition guidelines|Expert feedback|Spellcheck|AI-generated drafting|Statistics about successful petitions,,,,,,,,,,,,,,,,,,,,,,,,,,,,,,,,,,,,,,,,,,,,,,,,,,,,,,,,,,,,,,AI-Primed,FL_27,,PetitionPair2-BD|PetitionPair2-AC,,,,,Q41|Q72|Q73|Q47|Q81|Q88|Q49,,
2025-04-15 14:02:05,2025-04-15 15:42:19,IP Address,*******,9,6014,False,2025-04-22 15:42:24,R_740gZAE0kbERPlT,*******,*******,*******,*******,*******,*******,anonymous,EN,I consent to participate,,,,,,,,,,,,,,,,,,,,,,,,,,,,,,,,,,,,,,,,,,,,,,,,,,,,,,,,,,,,,,,,Control,,,,,,,,,,
2025-04-15 14:00:28,2025-04-16 06:36:46,IP Address,*******,67,59778,False,2025-04-23 06:36:48,R_6MXolrSkXWTLjEy,*******,*******,*******,*******,*******,*******,anonymous,EN,I consent to participate,AI-generated drafting,Expert feedback|Petition guidelines|Statistics about successful petitions|Spellcheck|AI-generated drafting,,,,,,,,,,,,,,,,,,,,,,,,,,,,,,,,,,,,,,,,,,,,,,,,,,,,,,,,,,,,,,AI-Primed,FL_27,,PetitionPair2-AC|PetitionPair2-BD,,,,Q45|Q70|Q68|Q39|Q67|Q71|Q43,,,
2025-04-15 14:03:14,2025-04-16 08:05:09,IP Address,*******,67,64914,False,2025-04-23 08:05:11,R_3VmayL4Gs8Y41o1,*******,*******,*******,*******,*******,*******,anonymous,EN,I consent to participate,,,Statistics about successful petitions,Expert feedback|Petition guidelines|Spellcheck|Statistics about successful petitions|AI-generated drafting,,,,,,,,,,,,,,,,,,,,,,,,,,,,,,,,,,,,,,,,,,,,,,,,,,,,,,,,,,,,Control,FL_27,,PetitionPair2-AC|PetitionPair2-BD,,,,Q45|Q70|Q68|Q39|Q67|Q71|Q43,,,
2025-04-15 13:49:45,2025-04-16 08:05:13,IP Address,*******,93,65728,False,2025-04-23 08:05:21,R_3mDf9AzeV151MlT,*******,*******,*******,*******,*******,*******,anonymous,EN,I consent to participate,"Statistics about successful petitions,Petition guidelines,Spellcheck,AI-generated drafting",Spellcheck|Statistics about successful petitions|Petition guidelines|AI-generated drafting|Expert feedback,,,,,,,,,,,,,,,,,,,,,,,,,,,,,,,,,,,,,,,Strongly agree,Strongly agree,Strongly agree,Strongly agree,Strongly agree,Strongly agree,Strongly agree,Strongly agree,The Parrotfish Should Live!,Strongly Disagree,Somewhat disagree,Somewhat agree,Strongly agree,Neither agree nor disagree,Somewhat agree,Somewhat agree,Neither agree nor disagree,Enforce Cyanide Fishing Bans and Protect the Humphead Wrasse,,,,,,AI-Primed,FL_28,,,PetitionPair3-A/D|PetitionPair3-B/C,,,,,Q61|Q80|Q75|Q53|Q78|Q83|Q57,Q59|Q82|Q85|Q55|Q84|Q77|Q63
2025-04-23 09:38:48,2025-04-23 09:47:56,IP Address,*******,100,548,True,2025-04-23 09:47:57,R_5Jz3fReZyhtNgdx,*******,*******,*******,*******,*******,*******,anonymous,EN,I consent to participate,"Petition guidelines,AI-generated drafting",Statistics about successful petitions|AI-generated drafting|Expert feedback|Spellcheck|Petition guidelines,,,,,,,,,,,,,,,,,,,,,,,,,,,,,,,,,,,,,,,Somewhat agree,Strongly agree,Strongly agree,Somewhat agree,Somewhat agree,Somewhat agree,Somewhat agree,Strongly agree,Stop Cyanide Fishing: Save the Humphead Wrasse,Neither agree nor disagree,Somewhat agree,Somewhat agree,Somewhat agree,Strongly agree,Strongly agree,Somewhat agree,Strongly agree,"No Fishing, Save the Parrotfish!","Length / Detail,Tone,Clarity",,Neither agree nor disagree,no,Somewhat agree,AI-Primed,FL_28,,,PetitionPair3-B/C|PetitionPair3-A/D,,,,,Q53|Q80|Q75|Q61|Q78|Q83|Q57,Q59|Q82|Q85|Q55|Q84|Q77|Q63
2025-04-23 09:48:34,2025-04-23 09:56:04,IP Address,*******,100,449,True,2025-04-23 09:56:04,R_3xKryQKdEP5snaV,*******,*******,*******,*******,*******,*******,anonymous,EN,I consent to participate,,,"Petition guidelines,Statistics about successful petitions",Petition guidelines|Spellcheck|AI-generated drafting|Statistics about successful petitions|Expert feedback,,,,,,,,,,,,,,,,,,,Somewhat agree,Somewhat agree,Somewhat agree,Somewhat agree,Strongly agree,Strongly agree,Strongly agree,Strongly agree,"No Fishing, Save the Parrotfish!",Somewhat agree,Somewhat agree,Somewhat agree,Somewhat agree,Strongly agree,Strongly agree,Strongly agree,Strongly agree,The Parrotfish Should Live!,,,,,,,,,,,,,,,,,,,Other:,"having steps to take action, the wrasse one's just stated facts whereas the parrot fish ones actually told the reader what they can do to help (ie: sign this petition)",Neither agree nor disagree,"I didn't think these petitions were very influential. Since AI was used it felt like I was just reading a wiki page on what is endangered and at risk. ",Somewhat agree,Control,FL_27,,PetitionPair2-AC|PetitionPair2-BD,,,,Q39|Q70|Q68|Q45|Q67|Q71|Q43,Q41|Q72|Q73|Q47|Q81|Q88|Q49,,
2025-04-23 10:06:42,2025-04-23 10:19:20,IP Address,*******,100,757,True,2025-04-23 10:19:20,R_7M6Afe4bqyVlytD,*******,*******,*******,*******,*******,*******,anonymous,EN,I consent to participate,"Petition guidelines,AI-generated drafting",Expert feedback|Petition guidelines|Spellcheck|AI-generated drafting|Statistics about successful petitions,,,Somewhat agree,Somewhat agree,Somewhat agree,Somewhat agree,Somewhat agree,Strongly agree,Strongly agree,Somewhat agree,Stop Cyanide Fishing: Save the Humphead Wrasse,Somewhat agree,Strongly agree,Strongly agree,Somewhat agree,Somewhat disagree,Somewhat agree,Somewhat disagree,Somewhat agree,"No Fishing, Save the Parrotfish!",,,,,,,,,,,,,,,,,,,,,,,,,,,,,,,,,,,,,"Length / Detail,Tone,Clarity,Emotional Appeal",,Somewhat disagree,,Somewhat agree,AI-Primed,FL_26,PetitionPair1-AB|PetitionPair1-CD,,,Q15|Q60|Q61|Q12|Q14|Q58|Q16,Q24|Q62|Q69|Q25|Q65|Q63|Q27,,,,
2025-04-24 11:26:05,2025-04-24 11:31:05,IP Address,*******,100,299,True,2025-04-24 11:31:05,R_17vwkTmurg6fLJa,*******,*******,*******,*******,*******,*******,anonymous,EN,I consent to participate,,,"Petition guidelines,Statistics about successful petitions",AI-generated drafting|Petition guidelines|Spellcheck|Expert feedback|Statistics about successful petitions,Somewhat agree,Somewhat disagree,Somewhat disagree,Somewhat agree,Somewhat agree,Strongly agree,Strongly agree,Somewhat agree,Stop Cyanide Fishing: Save the Humphead Wrasse,Strongly agree,Strongly agree,Strongly agree,Strongly agree,Somewhat agree,Somewhat disagree,Neither agree nor disagree,Neither agree nor disagree,"No Fishing, Save the Parrotfish!",,,,,,,,,,,,,,,,,,,,,,,,,,,,,,,,,,,,,"Length / Detail,Tone,Emotional Appeal",,Somewhat agree,No,Somewhat disagree,Control,FL_26,PetitionPair1-CD|PetitionPair1-AB,,,Q15|Q60|Q61|Q12|Q14|Q58|Q16,Q24|Q62|Q69|Q25|Q65|Q63|Q27,,,,
2025-04-24 16:26:47,2025-04-24 16:30:45,IP Address,*******,100,237,True,2025-04-24 16:30:45,R_3EzKTW0QHtvtgpw,*******,*******,*******,*******,*******,*******,anonymous,EN,I consent to participate,,,"Petition guidelines,Statistics about successful petitions",Expert feedback|AI-generated drafting|Petition guidelines|Spellcheck|Statistics about successful petitions,,,,,,,,,,,,,,,,,,,,,,,,,,,,,,,,,,,,,Somewhat agree,Somewhat agree,Somewhat disagree,Somewhat agree,Somewhat agree,Strongly agree,Somewhat agree,Somewhat agree,The Parrotfish Should Live!,Somewhat agree,Somewhat disagree,Somewhat disagree,Neither agree nor disagree,Strongly agree,Strongly agree,Somewhat agree,Strongly agree,"No Fishing, Save the Parrotfish!","Tone,Clarity,Emotional Appeal",,Somewhat agree,"If it enhances persuasive language, it is a good tool, but AI can also produce misinformation and make things sound robotic.",Neither agree nor disagree,Control,FL_28,,,PetitionPair3-A/D|PetitionPair3-B/C,,,,,Q53|Q80|Q75|Q61|Q78|Q83|Q57,Q59|Q82|Q85|Q55|Q84|Q77|Q63
2025-04-24 21:46:31,2025-04-24 21:51:07,IP Address,*******,100,276,True,2025-04-24 21:51:08,R_7hwelvx9OeYA0b7,*******,*******,*******,*******,*******,*******,anonymous,EN,I consent to participate,,,"Petition guidelines,Statistics about successful petitions",Expert feedback|Statistics about successful petitions|Spellcheck|AI-generated drafting|Petition guidelines,Somewhat agree,Somewhat agree,Somewhat agree,Strongly agree,Strongly agree,Strongly agree,Somewhat agree,Strongly agree,Stop Cyanide Fishing: Save the Humphead Wrasse,Somewhat agree,Somewhat agree,Somewhat agree,Strongly agree,Somewhat agree,Neither agree nor disagree,Neither agree nor disagree,Somewhat agree,"No Fishing, Save the Parrotfish!",,,,,,,,,,,,,,,,,,,,,,,,,,,,,,,,,,,,,"Length / Detail,Tone,Emotional Appeal",,Somewhat agree,,Somewhat disagree,Control,FL_26,PetitionPair1-AB|PetitionPair1-CD,,,Q15|Q60|Q61|Q12|Q14|Q58|Q16,Q24|Q62|Q69|Q25|Q65|Q63|Q27,,,,
2025-04-27 17:18:55,2025-04-27 17:23:06,IP Address,*******,100,251,True,2025-04-27 17:23:07,R_3PpjzbTnsGhWRyM,*******,*******,*******,*******,*******,*******,anonymous,EN,I consent to participate,"Petition guidelines,AI-generated drafting",Expert feedback|Spellcheck|Petition guidelines|Statistics about successful petitions|AI-generated drafting,,,Somewhat agree,Somewhat agree,Somewhat agree,Somewhat agree,Somewhat agree,Somewhat agree,Somewhat agree,Somewhat agree,Stop Cyanide Fishing: Save the Humphead Wrasse,Somewhat disagree,Somewhat agree,Somewhat agree,Somewhat agree,Somewhat disagree,Somewhat agree,Somewhat agree,Somewhat agree,"No Fishing, Save the Parrotfish!",,,,,,,,,,,,,,,,,,,,,,,,,,,,,,,,,,,,,"Length / Detail,Title,Tone,Clarity,Emotional Appeal",,Somewhat agree,,Somewhat agree,AI-Primed,FL_26,PetitionPair1-CD|PetitionPair1-AB,,,Q15|Q60|Q61|Q12|Q14|Q58|Q16,Q24|Q62|Q69|Q25|Q65|Q63|Q27,,,,
2025-04-29 13:04:01,2025-04-29 13:05:15,IP Address,*******,100,73,True,2025-04-29 13:05:15,R_1sdVanejQnDReNN,*******,*******,*******,*******,*******,*******,anonymous,EN,I consent to participate,,,"Petition guidelines,Statistics about successful petitions",Statistics about successful petitions|Spellcheck|Expert feedback|AI-generated drafting|Petition guidelines,Somewhat agree,Somewhat agree,Somewhat agree,Somewhat agree,Somewhat agree,Somewhat agree,Somewhat agree,Neither agree nor disagree,No preference,Neither agree nor disagree,Somewhat agree,Neither agree nor disagree,Somewhat agree,Somewhat agree,Neither agree nor disagree,Neither agree nor disagree,Somewhat agree,"No Fishing, Save the Parrotfish!",,,,,,,,,,,,,,,,,,,,,,,,,,,,,,,,,,,,,"Length / Detail,Tone,Clarity",,Neither agree nor disagree,,Somewhat agree,Control,FL_26,PetitionPair1-AB|PetitionPair1-CD,,,Q12|Q60|Q61|Q15|Q14|Q58|Q16,Q25|Q62|Q69|Q24|Q65|Q63|Q27,,,,
2025-04-29 13:12:33,2025-04-29 13:15:22,IP Address,*******,100,169,True,2025-04-29 13:15:22,R_71gZZLpbcN0LqVd,*******,*******,*******,*******,*******,*******,anonymous,EN,I consent to participate,"Petition guidelines,AI-generated drafting",Spellcheck|AI-generated drafting|Expert feedback|Statistics about successful petitions|Petition guidelines,,,Somewhat agree,Strongly agree,Somewhat agree,Somewhat agree,Strongly agree,Strongly agree,Somewhat agree,Strongly agree,Stop Cyanide Fishing: Save the Humphead Wrasse,Somewhat agree,Strongly agree,Somewhat agree,Somewhat agree,Somewhat agree,Strongly agree,Strongly agree,Strongly agree,"No Fishing, Save the Parrotfish!",,,,,,,,,,,,,,,,,,,,,,,,,,,,,,,,,,,,,"Length / Detail,Title",,Somewhat agree,,Somewhat agree,AI-Primed,FL_26,PetitionPair1-CD|PetitionPair1-AB,,,Q12|Q60|Q61|Q15|Q14|Q58|Q16,Q25|Q62|Q69|Q24|Q65|Q63|Q27,,,,
2025-04-29 13:53:28,2025-04-29 15:04:25,IP Address,*******,100,4256,True,2025-04-29 15:04:25,R_5OkPHDlCdfYFBPH,*******,*******,*******,*******,*******,*******,anonymous,EN,I consent to participate,,,"Petition guidelines,Statistics about successful petitions",AI-generated drafting|Spellcheck|Expert feedback|Petition guidelines|Statistics about successful petitions,,,,,,,,,,,,,,,,,,,Strongly agree,Somewhat agree,Somewhat agree,Somewhat agree,Somewhat agree,Somewhat agree,Somewhat agree,Somewhat agree,"No Fishing, Save the Parrotfish!",Somewhat disagree,Somewhat disagree,Somewhat disagree,Somewhat disagree,Somewhat agree,Strongly agree,Somewhat agree,Somewhat agree,The Parrotfish Should Live!,,,,,,,,,,,,,,,,,,,"Length / Detail,Clarity,Emotional Appeal",,Somewhat disagree,,Somewhat agree,Control,FL_27,,PetitionPair2-AC|PetitionPair2-BD,,,,Q45|Q70|Q68|Q39|Q67|Q71|Q43,Q41|Q72|Q73|Q47|Q81|Q88|Q49,,
2025-04-30 10:26:10,2025-04-30 10:28:49,IP Address,*******,100,159,True,2025-04-30 10:28:50,R_39cAfJrz4dySAFb,*******,*******,*******,*******,*******,*******,anonymous,EN,I consent to participate,"Petition guidelines,AI-generated drafting",Spellcheck|Statistics about successful petitions|Expert feedback|AI-generated drafting|Petition guidelines,,,Somewhat agree,Neither agree nor disagree,Somewhat agree,Neither agree nor disagree,Neither agree nor disagree,Somewhat agree,Somewhat disagree,Neither agree nor disagree,Stop Cyanide Fishing: Save the Humphead Wrasse,Somewhat agree,Neither agree nor disagree,Somewhat agree,Neither agree nor disagree,Somewhat agree,Neither agree nor disagree,Strongly agree,Neither agree nor disagree,"No Fishing, Save the Parrotfish!",,,,,,,,,,,,,,,,,,,,,,,,,,,,,,,,,,,,,"Length / Detail,Title,Clarity",,Somewhat agree,No,Somewhat disagree,AI-Primed,FL_26,PetitionPair1-AB|PetitionPair1-CD,,,Q12|Q60|Q61|Q15|Q14|Q58|Q16,Q24|Q62|Q69|Q25|Q65|Q63|Q27,,,,
